Populiariausi puslapiai,Spustelėjimai,Parodymai,PR,Pozicija
https://www.promptanatomy.blog/,2,34,5.88%,26.53
https://www.promptanatomy.blog/articles/critique-agent-v10-verified-local-audits/,1,2,50%,2
https://www.promptanatomy.blog/articles/what-is-context-architecture/,0,99,0%,29.76
https://www.promptanatomy.blog/about/,0,54,0%,14.43
https://www.promptanatomy.blog/articles/how-to-build-a-telegram-game-stack/,0,39,0%,11.13
https://www.promptanatomy.blog/articles/prompt-anatomy-foundations/,0,22,0%,10.36
https://www.promptanatomy.blog/articles/click-and-do-data-analysis-soft-launch/,0,14,0%,14.79
https://www.promptanatomy.blog/articles/governance-raci-worksheet/,0,13,0%,16.62
https://www.promptanatomy.blog/articles/corporate-ladder-soft-launch/,0,12,0%,5.33
https://www.promptanatomy.blog/articles/shipping-prompt-anatomy/,0,10,0%,5.3
https://www.promptanatomy.blog/articles/hiring-prompts-help-launch/,0,10,0%,21.9
https://www.promptanatomy.blog/articles/critique-agent-v09-audit-stats/,0,10,0%,25.3
https://www.promptanatomy.blog/articles/prompt-anatomy-marketing-site-launch/,0,8,0%,4.88
https://www.promptanatomy.blog/topics/templates/,0,8,0%,13.25
https://www.promptanatomy.blog/articles/mcp-server-selection-worksheet/,0,7,0%,6.71
https://www.promptanatomy.blog/articles/executive-os-pro-launch/,0,5,0%,6.4
https://www.promptanatomy.blog/articles/btcbuzzbot-x-publish-loop-field-notes/,0,5,0%,7.2
https://www.promptanatomy.blog/articles/structured-prompt-system-blueprint/,0,4,0%,6
https://www.promptanatomy.blog/articles/daily-workflow-library-info-launch/,0,3,0%,4.33
https://www.promptanatomy.blog/articles/six-block-prompt-system/,0,2,0%,2
https://www.promptanatomy.blog/articles/finance-workflow-case-study-controlled-draft-and-review/,0,2,0%,6
https://www.promptanatomy.blog/articles/model-context-protocol-enterprise/,0,2,0%,6
https://www.promptanatomy.blog/articles/interactive-demos-as-workshop-instruments/,0,1,0%,2
https://www.promptanatomy.blog/articles/10-signs-your-company-is-vibe-prompting/,0,1,0%,4
https://www.promptanatomy.blog/articles/3a-before-you-build-an-agent/,0,1,0%,4
https://www.promptanatomy.blog/articles/ai-change-log-template-prompt-context-and-model-updates/,0,1,0%,4
https://www.promptanatomy.blog/articles/evaluating-agents-with-clear/,0,1,0%,4
https://www.promptanatomy.blog/articles/weekly-ceo-brief-pattern/,0,1,0%,5
https://www.promptanatomy.blog/articles/ai-workflow-canvas-template/,0,1,0%,6
https://www.promptanatomy.blog/articles/handoff-rules-between-humans-and-ai/,0,1,0%,6
https://www.promptanatomy.blog/articles/classroom-prompt-builder-launch/,0,1,0%,7
https://www.promptanatomy.blog/articles/manifest-before-you-broadcast/,0,1,0%,7
https://www.promptanatomy.blog/articles/prompt-engineering-vs-ai-workflow-engineering/,0,1,0%,8
https://www.promptanatomy.blog/articles/six-block-canvas-template/,0,1,0%,8
https://www.promptanatomy.blog/articles/first-ai-lesson-cloud-launch/,0,1,0%,9
https://www.promptanatomy.blog/articles/from-prompts-to-business-outcomes/,0,1,0%,14