Populiariausios užklausos,Spustelėjimai,Parodymai,PR,Pozicija
context architecture,0,24,0%,45.71
prompt anatomy,0,11,0%,23.64
context architect,0,7,0%,8.14
context model,0,7,0%,34.86
ops flash telegram,0,2,0%,7.5
auditstats,0,2,0%,8
context building,0,2,0%,50
context architects,0,1,0%,30
context in architecture,0,1,0%,34
what is a context model,0,1,0%,42
what is structured context for data,0,1,0%,44
context planning,0,1,0%,47
context pattern,0,1,0%,52
context a,0,1,0%,53
context view,0,1,0%,53
what is the raci for data governance issue management and escalation?,0,1,0%,56
architectural context,0,1,0%,57
context3,0,1,0%,58
context block,0,1,0%,59
heroic pilot audit,0,1,0%,69
context construction,0,1,0%,93